{
  "CreateInstantInvite": "Davet Oluştur",
  "KickMembers": "Üyeleri At",
  "BanMembers": "Üyeleri Engelle",
  "Administrator": "Yönetici",
  "ManageChannels": "Kanalları Yönet",
  "ManageGuild": "Sunucuyu Yönet",
  "AddReactions": "Tepki Ekle",
  "ViewAuditLog": "Denetim Kaydını Görüntüle",
  "PrioritySpeaker": "Öncelikli Konuşmacı",
  "Stream": "Video",
  "ViewChannel": "Kanalları Görüntüle",
  "SendMessages": "Mesaj Gönder",
  "SendTTSMessages": "Metin Okuma Mesajı Gönder",
  "ManageMessages": "Mesajları Yönet",
  "EmbedLinks": "Bağlantı Yerleştir",
  "AttachFiles": "Dosya Ekle",
  "ReadMessageHistory": "Mesaj Geçmişini Oku",
  "MentionEveryone": "@everyone, @here kullan ve Tüm Rollerden Bahset",
  "UseExternalEmojis": "Harici Emoji Kullan",
  "ViewGuildInsights": "Sunucu Bilgilerini Görüntüle",
  "Connect": "Bağlan",
  "Speak": "Konuş",
  "MuteMembers": "Üyeleri Sustur",
  "DeafenMembers": "Üyeleri Sağırlaştır",
  "MoveMembers": "Üyeleri Taşı",
  "UseVAD": "Ses Eylemini Kullan",
  "ChangeNickname": "Kullanıcı Adı Değiştir",
  "ManageNicknames": "Kullanıcı Adlarını Yönet",
  "ManageRoles": "Rolleri Yönet",
  "ManageWebhooks": "Webhook'ları Yönet",
  "ManageEmojisAndStickers": "Emojileri ve Çıkartmaları Yönet",
  "ManageGuildExpressions": "İfadeleri Yönet",
  "UseApplicationCommands": "Uygulama Komutlarını Kullan",
  "RequestToSpeak": "Konuşmayı Talep Et",
  "ManageEvents": "Etkinlikleri Yönet",
  "ManageThreads": "Alt Başlıkları Yönet",
  "CreatePublicThreads": "Herkese Açık Alt Başlıklar Oluştur",
  "CreatePrivateThreads": "Özel Alt Başlıklar Oluştur",
  "UseExternalStickers": "Harici Çıkartmalar Kullan",
  "SendMessagesInThreads": "Alt Başlıklarda Mesaj Gönder",
  "UseEmbeddedActivities": "Etkinlik Başlat",
  "ModerateMembers": "Üyelere Zamanaşımı Uygula",
  "ViewCreatorMonetizationAnalytics": "ViewCreatorMonetizationAnalytics (Çeviri uygulanamadı)",
  "UseSoundboard": "Ses Panelini Kullan",
  "UseExternalSounds": "Harici Sesler Kullan",
  "SendVoiceMessages": "Sesli Mesaj Gönder"
}